"forecast_horizon","LHS","intercept","A","D","DD","E","NegE","AC","adj_r_squared","t_intercept","t_A","t_D","t_DD","t_E","t_NegE","t_AC"
1,"E_{t+1}",-4.26543826656674,0.00240611786974828,0.233822070524816,-2.69677967722996,0.880676909619631,14.7427007106404,-0.0254995728642369,0.726360995357733,-1.4245406157514,0.668436658730776,1.53872829814688,0.58690557137318,10.3906452480453,2.28118110990264,-0.764926917143009
2,"E_{t+2}",-1.86310079490816,0.00491344152342338,0.377045357753352,1.56336610991653,0.763845517063409,16.946631774644,-0.058618319335794,0.636694101363444,-0.405559043099108,1.33680368228865,1.97588796331562,1.36832512596497,7.29884996981415,1.43669202303643,-1.46313785874556
3,"E_{t+3}",3.03585463451052,0.00595301489168571,0.447477675931741,2.56286472132741,0.724924378896307,16.0378259820435,-0.0838740401985101,0.59007582574063,0.542631822779939,1.33039254922532,2.01124592161286,1.65180979155202,6.38052665023479,1.02744360166791,-1.87508521422297
4,"E_{t+4}",7.56428577265939,0.00581799180904124,0.294427339630884,1.48007723502568,0.874234028220111,20.9895628270117,-0.0873755689317397,0.566215324689278,0.803893452642035,1.38226366489618,1.45413448874778,1.56096269317004,6.35531979202603,1.37864401386107,-1.76489735515595
5,"E_{t+5}",14.616532975202,0.00582048838323768,0.260127190318154,0.499316417121177,0.940749778920529,18.0887094382394,-0.109103306504554,0.539863424289484,1.25465132026501,1.50014737290855,1.36604977666689,1.54248615701261,6.01189801621756,1.34728200754532,-1.87304599080525
