"Size_category","BM_category","LHS","intercept","EPS","NegEPS","NegEPS_EPS","adj_r_squared","t_intercept","t_EPS","t_NegEPS","t_NegEPS_EPS"
"Small cap","Low BM","EPS_{t+1}",0.166257480156401,0.318148489032757,-0.390721204895511,-0.109967855307878,0.213731829160711,4.19197362850063,6.92070249031635,-4.53210060804964,1.25141013325886
"Small cap","Med BM","EPS_{t+1}",0.0111207459340087,0.826891627150408,-0.126148708199405,-0.467486745391967,0.326489066018403,0.371920324980772,33.1874579391973,-1.52742170712232,-13.9434152194519
"Small cap","High BM","EPS_{t+1}",-0.136023590830396,0.624444641327259,-0.177699181463006,-0.170252776395364,0.158280936205746,-2.90462287552133,21.2421890798437,-1.1717380183948,-3.81346532555026
"Medium cap","Low BM","EPS_{t+1}",0.417805257167183,0.538490308294596,-0.514320454728724,-0.43722699139524,0.285377476891402,7.83703084892033,19.7592129600865,-4.80763521433359,-1.86237537749676
"Medium cap","Med BM","EPS_{t+1}",0.165205214641875,0.821389477450138,-0.111004684125728,-0.323837787515837,0.397420367644223,4.8004789473888,54.099355921917,-2.34805104457833,-12.5641299064241
"Medium cap","High BM","EPS_{t+1}",-1.00793169283826,1.07225054615775,0.954428476699407,-0.434456813798344,0.237314595481658,-6.56237712139591,26.7683714469878,0.0342971127005488,-4.00622876298351
"Large cap","Low BM","EPS_{t+1}",-0.301102235410305,1.28517310639795,1.17092508538888,-0.562713391622983,0.433858887388128,-0.0451536138556138,40.4120126337595,3.20297004037852,-18.5440986425968
"Large cap","Med BM","EPS_{t+1}",-8.35808103339922,5.06342504603845,12.4269993870634,-3.06798898269399,0.327188214997267,-6.85868860346605,39.9285283796453,5.26831400108283,-6.65809620782148
"Large cap","High BM","EPS_{t+1}",-8.18325957445167,3.95473736320185,12.0713344335958,-2.46737610361159,0.271580940650418,0.452263102903249,18.9563833340539,1.37575374070234,-2.86279864028322
