"forecast_horizon","LHS","intercept","EPS","NegEPS","NegEPS_EPS","adj_r_squared","t_intercept","t_EPS","t_NegEPS","t_NegEPS_EPS"
1,"E_{t+1}",-2.23036167492106,2.56295868580086,3.54862999883525,-0.872409193488626,0.161008885942371,-1.67415851130481,9.78328139416385,2.51009793414795,-3.1964376300329
2,"E_{t+2}",-1.94929245843726,2.39467882329621,3.3080371632123,-0.958789832062106,0.117813452909357,-1.28409870757715,8.35899705603885,2.49862345721345,-4.43019205690143
3,"E_{t+3}",-1.84918758004473,2.35606618353902,3.28561675663686,-0.965399903167781,0.095459493393155,-1.02593151238845,7.43663502481137,2.46850170936534,-4.21318564305104
4,"E_{t+4}",-1.99026296244654,2.47572400309503,3.47469029871186,-1.07121455648089,0.083713216097264,-0.984095797247793,6.95587593050409,2.3566063117718,-4.86909674944189
5,"E_{t+5}",-2.12498016990394,2.59111665552529,3.57560653082007,-1.23767839761254,0.0798766570814188,-1.05142273973549,6.67442272584584,2.49851695537244,-4.78787779271721
