"Size_category","BM_category","LHS","intercept","EPS","NegEPS","NegEPS_EPS","adj_r_squared","t_intercept","t_EPS","t_NegEPS","t_NegEPS_EPS"
"Small cap","Low BM","EPS_{t+1}",0.00266038033436096,0.402582677636441,-0.0356273260659478,-0.00217238652935757,0.0739776315507368,0.479137183863774,1.28870488552685,-1.87855221645212,-0.0291091785429056
"Small cap","Med BM","EPS_{t+1}",-0.00237015429894413,0.680141184051076,-0.0293987389527572,-0.000728715776940833,0.0993713452416783,-0.264417180957465,4.2261810981781,-2.08358709065899,-1.22772042435657
"Small cap","High BM","EPS_{t+1}",-0.0651988766843212,0.626483825086661,-0.0454728796359253,-0.00203166659514814,0.0592991352020644,-2.60357002813031,3.62066711992806,-0.86438977138265,-0.229338820488509
"Medium cap","Low BM","EPS_{t+1}",0.000509159498493036,0.969382583060035,-0.00267771896706454,-0.00158060843609714,0.118278833856528,0.814122438562074,5.24867962960379,-1.42916735140323,-0.905824667868207
"Medium cap","Med BM","EPS_{t+1}",-0.00260615554596563,1.15371293331968,-0.0169862063725607,-0.00228011623006248,0.154063049179042,0.315835204048164,11.6591324795107,-0.936929701510225,-1.28585168647723
"Medium cap","High BM","EPS_{t+1}",-0.0181575470729247,1.2411846174397,0.00461870567213056,-0.00439793487646368,0.0788559986582174,-3.26969399239575,4.37051452333577,-0.774455677710086,-1.45117046841282
"Large cap","Low BM","EPS_{t+1}",6.14384120327647e-05,1.09782629364145,-0.00129883740133303,-0.000470448626744597,0.205464369543739,0.955233989024434,6.77261250692774,-2.23562517876449,331447335615938
"Large cap","Med BM","EPS_{t+1}",-3.75549818499613e-05,0.969672974029791,-0.000867920899295386,-0.000410882450015324,0.219403390373096,0.26916870377785,15.3356602904891,0.628746128467266,-2.79999109543442
"Large cap","High BM","EPS_{t+1}",-0.00215396852680933,1.17478515560703,-0.000351977671235915,0.000733905475923035,0.172179997872985,-0.0675251916526472,7.12226470692504,0.0973240665345337,146155498600452
