"forecast_horizon","LHS","intercept","A","D","E","AC","adj_r_squared","t_intercept","t_A","t_D","t_E","t_AC"
1,"E_{t+1}",-9.72741436796208,0.000383555654485125,0.355081608687498,0.991307963348633,-0.0386658788237564,0.686187226569282,-2.24408840241886,0.0674180122969343,1.90753501073398,11.1454792311555,-0.606518954656215
2,"E_{t+2}",-8.35292597058695,0.00417654830624063,0.504244269625665,0.854226413773578,-0.104512399722379,0.615968206997104,-1.35492948060671,0.847822905066008,2.49030137613604,8.2509114681499,-1.72544953796521
3,"E_{t+3}",-5.21944694688477,0.00690310285306965,0.64737557731845,0.77665068181127,-0.116051399253367,0.577668215675824,-0.424166266957682,1.11259153687435,2.6096544083687,7.26393119399964,-2.03404648732444
4,"E_{t+4}",-1.55703524109589,0.00725860947494138,0.507037208334392,0.91595988668928,-0.128520633951617,0.557316991850307,0.094989745632078,1.24701704926158,2.10238039872217,7.1426412784517,-1.99457424141841
5,"E_{t+5}",0.814259846556042,0.00748939984167719,0.450591630213347,0.978779684255638,-0.177069372104702,0.53908731787708,0.595404895097762,1.30184022538624,1.79333260669427,6.55680244998719,-2.34338648252093
