"Size_category","BM_category","LHS","intercept","EPS","NegEPS","NegEPS_EPS","adj_r_squared","t_intercept","t_EPS","t_NegEPS","t_NegEPS_EPS"
"Small cap","Low BM","EPS_{t+1}",0.0647489320715206,0.515707703063372,-0.254936144202228,-0.266748331861672,0.213993456875728,4.37521300157443,6.93058235911162,-4.36274762111538,2.42908591717914
"Small cap","Med BM","EPS_{t+1}",0.0135533249608756,0.82703699405061,-0.080716142658058,-0.371923711743299,0.322906574185857,0.460648656056882,32.8130412351624,-0.710465409809291,-11.6378394600245
"Small cap","High BM","EPS_{t+1}",-0.141099671119824,0.645138230965036,-0.118983751235483,-0.12785734688216,0.1536774148145,-2.84114828005668,20.8514393335566,-0.627111900887624,-2.68935754804552
"Medium cap","Low BM","EPS_{t+1}",0.399808417030733,0.563548730030072,-0.433652967668955,-0.339359932564199,0.281472454435552,7.74611267041671,19.4796698113786,-4.03064114930022,1.30681296905235
"Medium cap","Med BM","EPS_{t+1}",0.136207179668302,0.848413820258871,-0.0443472668941256,-0.241061642622512,0.389650053634221,3.72376811176537,52.9341004380511,-0.967058827474728,-10.0578654377461
"Medium cap","High BM","EPS_{t+1}",-0.792252599775094,1.01197061752259,0.82638918869323,-0.268754225602946,0.176270643001881,-4.47880171606992,21.3245749635731,-0.0189573471459929,-2.39853837462172
"Large cap","Low BM","EPS_{t+1}",-0.199970338204585,1.22404577511005,0.991756982371373,-0.410213306699992,0.414207547140799,0.069882046599205,37.0456994916006,3.03771832822276,-15.3905151347088
"Large cap","Med BM","EPS_{t+1}",-5.90986412740724,4.0896144391874,9.55943049855666,-1.96649879811976,0.26987464888916,-3.55169023550047,31.7758820227689,4.06597109215383,-4.49506634172508
"Large cap","High BM","EPS_{t+1}",-6.54516076303562,3.51053846947514,10.8878388063994,-1.62557295297048,0.254045222088816,0.51170586224237,17.536587402375,1.55009709254997,-1.89122022128155
