"Size_category","BM_category","LHS","intercept","EPS","adj_r_squared","t_intercept","t_EPS"
"Small cap","Low BM","EPS_{t+1}",0.0220917690474959,0.339366534143391,0.1602451041176,3.27926738816871,4.3458131575282
"Small cap","Med BM","EPS_{t+1}",0.113697122377565,0.628602428967787,0.290763502118798,5.67621780758611,15.6541857573439
"Small cap","High BM","EPS_{t+1}",-0.112143252841696,0.616283285428465,0.146905842046453,-2.36543215912438,9.51801711061957
"Medium cap","Low BM","EPS_{t+1}",0.229326246286619,0.598394749492098,0.265810580043282,4.02506743947937,8.44299321406363
"Medium cap","Med BM","EPS_{t+1}",0.250438255883429,0.782793336934809,0.389979346722354,6.48721916818272,24.5139592710532
"Medium cap","High BM","EPS_{t+1}",-0.575480798489279,0.928710625179698,0.167353603426611,-2.42769699733676,8.49155082667516
"Large cap","Low BM","EPS_{t+1}",0.250914678479995,1.03128907394257,0.370813476595463,2.18316675363142,10.8164303628795
"Large cap","Med BM","EPS_{t+1}",-3.32651787681686,3.35641642625689,0.261672988327372,0.60367330439125,9.82137515396006
"Large cap","High BM","EPS_{t+1}",-0.967240233509638,2.50396588655507,0.245017745557089,1.54311097092374,7.57837484165616
